{
    "igg": {
        "Position": [
            -320.0, 
            180.0, 
            650.0
        ], 
        "Intensity": 2.75, 
        "LightColor": [
            1.0, 
            0.9473065137863159, 
            0.7681511640548706
        ], 
        "LightType": "DirectionalLight", 
        "Rotation": [
            32.099491119384766, 
            -47.749568939208984, 
            -120.4004135131836
        ]
    }, 
    "PointLight_5": {
        "Position": [
            480.0, 
            -420.0, 
            460.0
        ], 
        "Intensity": 8.0, 
        "LightColor": [
            1.0, 
            1.0, 
            1.0
        ], 
        "LightType": "PointLight", 
        "Rotation": [
            0.0, 
            0.0, 
            0.0
        ]
    }
}