{
    "igg": {
        "Position": [
            -320.0, 
            660.0, 
            510.0
        ], 
        "Intensity": 2.75, 
        "LightColor": [
            1.0, 
            0.9473065137863159, 
            0.7681511640548706
        ], 
        "LightType": "DirectionalLight", 
        "Rotation": [
            32.099491119384766, 
            -47.749568939208984, 
            -120.4004135131836
        ]
    }
}